,id,chart_type,title,subtitle,notes,complex,x_axis_type,y_axis_type,x_axis_min,x_axis_max,y_axis_min,y_axis_max,chart_type_id
0,0023e8fed9d111fed753bb3f6b0afe78,Bar,Auch der Handel mit der EU mit Autoteilen ist aus Sicht der USA defizitär,in Mrd. $,,True,numeric,numeric,2012,2017,5.01155899,20.79092879,0
1,0057a266a9c555637dabccece11c5468,Bar,Besucher am Züri-Fäscht,,,False,numeric,numeric,1998,2019,1500000.0,2500000.0,0
2,005e2925d4b679defb5afa4daef05ee5,Bar,"59,1 % der Italiener sagen «Nein» zur Verfassungsreform",Ergebnis der Volksabstimmung in Prozent,,False,categorical,numeric,,,40.9,59.1,0
3,0062e0b6b75d81b20a18a5ab938ada72,Line,Abkehr von Treasuries,"Rendite 10jährige US-Staatsanleihen, in %",,False,categorical,numeric,02/01/2017,04/12/2017,2.04,2.63,1
4,006f6723bd41797d2bb1e3f65444757f,Line,SMI avanciert kräftig,Kursentwicklung in Punkten,,False,categorical,numeric,01/03/2017,12/29/2017,8229.01,9452.32,1
5,008af45f10ff96b79bbc850c1ee5766d,Bar,Westafrika produziert am meisten Kakao,Schätzungen Produktion 2015/16 in t,,False,categorical,numeric,,,140000.0,1581000.0,0
6,008c17a9b222ca9583df638fc9dbe593,Line,Sechs Prozent Inflation in der Schweiz seit Ende 2020,Landesindex der Konsumentenpreise (Dezember 2020 = 100),,False,numeric,numeric,1.2017,12.2022,99.107,105.9896,1
7,008c17a9b222ca9583df638fc9de316c,Line,Die Inflation in der Schweiz stammt vor allem von den Importgütern,Landesindex der Konsumentenpreise (Dezember 2020 = 100),,True,categorical,numeric,Mär 20,Mär 23,99.6993,111.4387,1
8,0099651643916eeda249aae35ad10f57,Line,Auch im Wasser wird es immer wärmer,"Luft- und Wassertemperatur in Grad Celsius in der Stadt Zürich, Jahresmittel","Messort Lufttemperatur: Zürich Fluntern, Messort Wassertemperatur: Standardbeprobungsstelle / Seebecken vor Thalwil",True,numeric,numeric,1973,2019,7.88,11.24,1
9,009b187b6b1fe7ca85fcde3801554734,Line,Der Niedergang der ZTE-Aktien,Kurs in Hongkong-Dollar,Handel ausgesetzt von 17.4.2018 bis 12.6.2018.,False,categorical,numeric,13.12.2017,13.06.2018,14.96,31.5,1
10,009b187b6b1fe7ca85fcde3801650eb8,Bar,Graubünden wurde von Postauto am stärksten geschröpft,"Umgebuchter Gewinn in der Sparte ""Regionaler Personenverkehr"", nach Region, 2007 bis 2015, in Mio. Fr.","""Umgebuchter Gewinn"" meint vereinfacht gesagt den Betrag, den die Regionen über die eigentlichen Kosten der Firma Postauto hinaus zu viel an Subventionen bezahlt haben.",False,categorical,numeric,,,-0.1,30.4,0
11,009b187b6b1fe7ca85fcde3801e0c555,Line,Die Passagierzahlen steigen 2019 unerwartet stark,"Erfahrungswerte und Prognosen in Prozent, indexiert (2008 = 100)",,True,numeric,numeric,2008,2040,95.34545455,262.5495178,1
12,00aec7859796c11ec7cafabb98300540,Line,Erholung auf tiefem Niveau,"Rand in Franken, indexiert",,False,categorical,numeric,26.02.2016,19.12.2017,57.3953,74.2326,1
13,00aec7859796c11ec7cafabb98d4f575,Bar,Die wichtigsten defizitsenkenden Anpassungen bei der individuellen Einkommenssteuer,"Schätzung der Auswirkungen des Tax Cuts and Jobs Act auf den US-Staatshaushalt, kumuliert 2018-2017, in Mrd. $",,False,categorical,numeric,,,134.0,1212.0,0
14,010aa6a0bdfe0194f6ac81b94f4a7cc6,Line,Biden is more unpopular than his predecessors,"Net popularity ratings of American presidents (approval minus disapproval), in %","Sources: The American Presidency Project, RealClearPolitics",True,numeric,numeric,0,417,-42.6,79.8,1
15,013aa2423f5043129536660cffcac8a1,Bar,Wie viel einem Arbeitnehmer nach Steuern und Sozialabgaben von seinem Gehalt bleibt,"in der Schweiz sind Gesundheitskosten nicht mit eingerechnet, in %, Daten aus 2017",,True,categorical,numeric,,,60.1,85.8,0
16,014e6bf3927ddaf505c8053e37226a1e,StackedBar,"Seit 1971 steigt der Frauenanteil an, bei der letzten Wahl lag er bei 39 Prozent","Geschlechterverteilung im Kantonsrat seit 1967 (letztes Jahr ohne Frauen), in Prozent",,False,numeric,numeric,1967,2019,0.0,100.0,2
17,014e6bf3927ddaf505c8053e374539d9,Bar,Russlands neue Handelsbeziehungen ,"Umfang von Russlands Handel mit China und der EU, in $",,True,categorical,numeric,,,20602102569.0,155797000000.0,0
18,014e6bf3927ddaf505c8053e37c2dd5a,Bar,"Weniger Verletzte, teurere Blechschäden",Prämieneinnahmen in Millionen Franken,,True,numeric,numeric,2012,2021,2553.0,3498.0,0
19,014e6bf3927ddaf505c8053e37c8b688,Line,Konsumentenpreise in den USA um 7 Prozent gestiegen,Veränderung des Verbraucherpreisindex in % gegenüber Vorjahresmonat,,True,categorical,numeric,2016-01-01,2021-12-01,-1.3,7.1,1
20,014e6bf3927ddaf505c8053e37cd551d,Line,Novartis fällt im Konkurrenzvergleich ab,Aktienkurse indexiert,,True,categorical,numeric,01/03/2018,02/02/2022,-17.28,229.52,1
21,014e6bf3927ddaf505c8053e37ce75f6,StackedBar,The United Kingdom is 2022's biggest donor so far,Breakdown of the $101.6 million pledged to date (as % share),"Source: <a href=""https://www.fts.unocha.org/countries/1/summary/2022"">UNOCHA</a>",False,categorical,numeric,,,0.8,87.9,2
22,014e6bf3927ddaf505c8053e37d9e275,Line,2021 wuchs der Umsatz langsamer als in den Vorjahren,Quartalsumsätze in Mrd. $,,False,categorical,numeric,01.06.2014,01.12.2021,2.91,33.6,1
23,0154a0854ad542755c62796906361086,Line,Jeder fünfte junge Chinese steht ohne Job da,"Arbeitslosigkeit unter städtischen Jugendlichen im Alter von 16 bis 24 Jahren, in Prozent",Daten früherer Jahre sind nicht verfügbar.,False,categorical,numeric,Januar 2018,April 2023,9.6,20.4,1
24,0154a0854ad542755c62796906582f56,StackedBar,"Erst kamen die jungen Eritreer, nun die Afghanen",UMA nach Nationalität,,True,numeric,numeric,2004,2022,0.0,2451.0,2
25,0154a0854ad542755c627969069c0b24,Line,Zurzeit werden weniger neue Wohnungen gebaut als nachgefragt,Bautätigkeit und Haushaltswachstum,,True,numeric,numeric,2014,2023,39273.0,56084.0,1
26,0154a0854ad542755c62796906aadb08,Line,Die illegalen Grenzübertritte haben unter Biden stark zugenommen,Zahl der monatlichen Aufgriffe an der Südgrenze der USA,,False,categorical,numeric,13.01.2013,01.11.2023,11127.0,269735.0,1
27,015b1d1184288f807143043e2decb8b3,Line,Im Frühling sank die Auslastung ins Bodenlose,Auslastungsfaktor für US-Fluggesellschaften im In- und Auslandgeschäft in %,,False,categorical,numeric,2000-01-01,2020-04-01,17.8,85.4,1
28,015b1d1184288f807143043e2def547f,Bar,Die Zentraleuropäer testen heute viel mehr,Anzahl Tests pro Million Einwohner (Sieben-Tage-Durchschnitt),,True,categorical,numeric,,,190.0,2622.0,0
29,016522fbb9ab3e9ea5d2bc256e6f5621,Bar,Die zehn erfolgreichsten Schwinger: 80 und mehr Kränze,Anzahl Kränze,Daten: Teilnehmer am Eidgenössischen Schwingfest 2016,False,categorical,numeric,,,87.0,142.0,0
30,016934e7c13b1b546fdea80efd074e02,Bar,Manchen Ländern droht der «Bevölkerungskollaps»,"Entwicklung der Zahl der Einwohner, 2100 gegenüber 2023, in %; Prognosen auf Basis von Geburtenraten und Lebenserwartung der Gegenwart",,False,categorical,numeric,,,-55.0,109.0,0
31,016934e7c13b1b546fdea80efd08584a,Bar,Massiver Effekt der niedrigeren Geburtenraten,"Zusätzliche Personen, die bei gleichbleibender Geburtenrate im Zeitraum 1960 bis 2021 geboren worden wären, in % der Bevölkerungszahl im Jahr 2021",,False,categorical,numeric,,,15.0,157.0,0
32,016934e7c13b1b546fdea80efd1faae2,Bar,Only a small fraction of the migrants ordered to leave France actually do so,,"* Obligation de quitter le territoire français – an expulsion order<br><br>Source: <a href=""https://www.ccomptes.fr"">Court of Accounts</a>",True,categorical,numeric,,,500.0,58700.0,0
33,016934e7c13b1b546fdea80efd26a43b,Bar,Schweiz sticht heraus,"Schuldenquote des Staatssektors gemäss «Maastricht»-Definition der EU, 2023, in Prozent der jährlichen Wirtschaftsleistung (BIP)",,False,categorical,numeric,,,26.9,141.4,0
34,016934e7c13b1b546fdea80efd365b3b,StackedBar,Die Discounter legen bei Bio zu,Marktanteile der Verkaufskanäle gemessen am gesamten Bio-Umsatz,,True,numeric,numeric,2018,2022,2.1,89.2,2
35,016934e7c13b1b546fdea80efd7b5963,Bar,"Mehrwertsteuer müsste mit der Mitte-Initiative auf 9,6 Prozent erhöht werden ",Normalsatz der Mehrwertsteuer (MWSt) in % ,Nicht abgebildet ist die befristete Erhöhung für die IV von 2011 bis 2017. ,False,numeric,numeric,1995,2030,6.5,9.6,0
36,016934e7c13b1b546fdea80efd96eba5,Bar,An Unterbrüchen von Unterseekabeln ist meist der Mensch schuld,"Ursachen von Störungen als Anteil an der Zahl der Vorfälle, in %",,False,categorical,numeric,,,6.0,38.0,0
37,016b459adf53c4e44c03cc7e700dd04b,Dotplot,"J. Safra Sarasin, Julius Bär und Vontobel mit dem grössten Übergewicht","Aktienquote für eine ausgewogene Franken-Strategie, in %",,True,categorical,numeric,,,44.0,52.0,3
38,016b459adf53c4e44c03cc7e7078bb83,Line,CO₂-Emissionen aus Brennstoffen nehmen ab,"Pro Tonne, Indexiert (1990=100)",,False,numeric,numeric,1991,20015,30.5,90.0,1
39,016b459adf53c4e44c03cc7e7086959b,Dotplot,Hohe Preisdynamik in deutschen Städten,"Inflationsbereinigte Veränderung der Preise für Wohnimmobilien, in %",,True,categorical,numeric,,,-6.1,10.2,3
40,016b459adf53c4e44c03cc7e709845d7,Bar,Bloss keine Machtpolitik,Meinung der Bundesbürger zum Einsatz der wirtschaftlichen Stärke Deutschlands in der Aussenpolitik,,False,categorical,numeric,,,4.0,62.0,0
41,016b459adf53c4e44c03cc7e70dbd26c,StackedBar,Die Zürcher werden immer sportlicher,"Sportaktivität, in Prozent",Wohnbevölkerung im Alter ab 15 Jahren; Anzahl Befragte: 2020: 2864; 2014: 2796; 2008: 3127; 2003: 2311; ,True,numeric,numeric,2003,2020,5.0,52.0,2
42,016b459adf53c4e44c03cc7e70ef0c6a,Line,Gewöhnung an die Maskenpflicht: Die regionalen Unterschiede bei Supermarkt-Besuchen werden kleiner,"Anzahl Kartentransaktionen in Lebensmittelgeschäften, Periode vor Maskenpflicht = 100",,True,categorical,numeric,17.08.2020,27.09.2020,93.59356,103.0788,1
43,0184a9d83b63d38b3034a63ffa296f09,Line,Dollar legt leicht zu,Kurs gemessen in Franken,,False,categorical,numeric,06/11/2018 01:00,06/12/2018 08:30,0.984,0.9882,1
44,01ba465f792500066ff5d6bee1a8fde0,Dotplot,Top 10 kurze Standzeiten Schweizer Gebrauchtwagen,1. Semester 2019 nach Modellen,,False,categorical,numeric,,,8.0,19.0,3
45,01ba465f792500066ff5d6bee1dc9387,Bar,Manchester United hat bisher am meisten ausgegeben für neue Spieler,Transferausgaben der Top 6 im Sommer 2019 (in Mio Euro),,False,categorical,numeric,,,1.9,159.0,0
46,01ba465f792500066ff5d6bee1f170c1,Bar,Kollabierte Erträge,Geschäftszahlen von Harland & Wolff in Mio. £,,True,numeric,numeric,2004,2016,-7.0,66.7,0
47,01c2ff365bbb7d826377798d5edc4a33,Line,Steil nach oben,Wert eines Bitcoins in $,,False,categorical,numeric,03.10.2019 23:00,28.10.2019 07:30,7376.61,9864.01,1
48,01c8403779c54eaa3618b44952a05470,Bar,Vor allem die Jungen zahlen,Mehrbelastung in Franken über die verbleibende Lebensdauer bei Umsetzung des Pakets Steuern/AHV und AHV 21,"Basisjahr 2016. Annahmen: Realzins 2% pro Jahr, Produktivitätswachstum 1%",False,numeric,numeric,0,100,10.0,30500.0,0
49,01c8403779c54eaa3618b44952ba9a56,Line,Hohe Gewinne mit Schwellenländer-Anleihen,"Bloomberg-Barclays-Emerging-Markets-Dollar-Index, in Punkten",,False,categorical,numeric,21.06.2019,21.06.2018,1048.4037,1168.521,1
50,01c8403779c54eaa3618b44952bc0e15,Arrow,In vielen Städten entspannt sich die Lage,"Leerwohnungsziffer in grossen Schweizer Städten, in Prozent",,True,categorical,numeric,,,0.2,2.43,4
51,01c8403779c54eaa3618b44952db7634,Bar,Die Schweiz hat am viertmeisten Firmen unter den 50 Blue Chips des Europe-Stoxx 50,Anzahl Firmen im Europe Stoxx 50,,False,categorical,numeric,,,1.0,15.0,0
52,01c8403779c54eaa3618b44952e6cd73,Dotplot,Rindfleisch gegen Autos,"Handel zwischen der EU und Mercosur, nach Kategorie, 2018, in Mrd. €",,True,categorical,numeric,,,0.6,18.9,3
53,01c8403779c54eaa3618b44952e6d395,Line,Malaysia befindet sich in Südostasien im Mittelfeld,"Reales Wachstum des Bruttoinlandprodukts (BIP), in %",,True,numeric,numeric,2008,2018,-1.51,15.24,1
54,01c8403779c54eaa3618b44952e7fa5f,Line,Nach Rückschlag wieder erholt,"Marktanteil der SIX im Handel mit Schweizer Aktien, in %",,False,categorical,numeric,26.06.2009,26.06.2019,60.6825,85.64,1
55,01c8403779c54eaa3618b44952e9f888,Line,Chinas Abhängigkeit von Ausfuhren schrumpft,"Aussenhandelsintensität, in % des BIP im Vergleich",,True,numeric,numeric,1980.0,2017.0,12.42484853,131.7965514,1
56,01c8403779c54eaa3618b44952eb2d81,Line,Chinas Exporteure spüren Zölle noch nicht,"Ausfuhren, in Mrd. $",,False,categorical,numeric,Januar 2018,Mai 2019,135.24,227.42,1
57,01c8403779c54eaa3618b44952ed45ae,Bar,Multi-ethnisch mit einer muslimischen Mehrheit,"Die Bevölkerung Malaysias im Jahr 2010, aufgeteilt nach Zugehörigkeit von Religionen",,False,categorical,numeric,,,0.4,61.3,0
58,01c8403779c54eaa3618b44952feef5d,Bar,Wie hoch muss der Ölpreis für den Staatshaushalt sein?,"Schätzungen für den Erdölpreis für einen ausgeglichenen Haushalt (April 2019), in $ je Fass","Russland und Aserbaidschan sind keine Opec-Mitglieder. Die Werte für Venezuela, Nigeria und Angola sind Werte von RBC. In Russland basiert das Budget auf einem Ölpreis von 40 $ je Fass. Überschüsse gehen in einen Staatsfonds.",False,categorical,numeric,,,40.0,276.0,0
59,01cbcb3e17970140f19f142a0f7067b3,Bar,"Die grössten bilateralen Defizite der USA im Güterhandel, 2016",in Mrd. $,,False,categorical,numeric,,,-347.0,-13.2,0
60,01da15f0f6a6396873566efb70196731,Bar,Die AfD wurde 2023 am häufigsten Opfer von Gewalt,Anzahl der Gewaltdelikte gegen Repräsentanten und Einrichtungen der im Bundestag vertretenen Parteien ,,False,categorical,numeric,,,10.0,86.0,0
61,01da15f0f6a6396873566efb70198604,Bar,Die Alternative Liste büsst Sitze ein,"Anzahl Sitze im 125-köpfigen Stadtparlament seit der Parteigründung 1990, Wahljahre",,False,numeric,numeric,1990,2022,2.0,10.0,0
62,01da15f0f6a6396873566efb701f3887,Line,Der Kupferpreis zeigt nach oben,"Terminmarktpreis von Kupfer, in $ je t",,False,categorical,numeric,03.01.2000,09.05.2024,1321.75,11299.5,1
63,01da15f0f6a6396873566efb70ac7f0d,Line,Rund 51 Prozent der Katalanen lehnen die Unabhängigkeit derzeit ab,"Anteil der Befragten gemäss ihrer Antwort auf die Frage, ob Katalonien ein unabhängiger Staat werden soll, in Prozent","Dreimal im Jahr führt die katalanische Regierung eine repräsentative Umfrage (CEO) zu den politischen Themen in der Region durch, um die Stimmungslage in der regionalen Bevölkerung zu eruieren. 1200 Personen nehmen jeweils an der Umfrage teil.",True,categorical,numeric,3-2015,2-2024,40.8,52.4,1
64,01da15f0f6a6396873566efb70b639df,Bar,Europäer sind die spendabelsten Touristen in Japan,"Ausgaben pro Tourist nach grossen Herkunftsländern im Jahr 2023, in Yen",,False,categorical,numeric,,,101110.0,373025.0,0
65,01da15f0f6a6396873566efb70be9d31,Line,Americans work the most,Annual working hours per employed person,"Source: OECD, Seco",True,numeric,numeric,1970,2022,1319.1,1992.5,1
66,01da15f0f6a6396873566efb70bec404,Line,High productivity of Americans,"Labor productivity: GDP per hour worked, in dollars",Source: OECD,True,numeric,numeric,1995,2022,48.46,77.69,1
67,01da15f0f6a6396873566efb70bed824,Bar,Swiss earn the most,"Average wages, before and after taxes and social security contributions, for a single person, in dollars",Source: OECD,True,categorical,numeric,,,38114.0,100048.0,0
68,01da15f0f6a6396873566efb70cab5e3,Line,Hohe Kaufkraft des Schweizer Durchschnittslohns,"Durchschnittliche Jahreslöhne, kaufkraft- und inflationsbereinigt, umgerechnet in Dollar",,True,numeric,numeric,2000,2022,43694.3469,72993.0243,1
69,01da15f0f6a6396873566efb70ce21d4,Line,Keine Zunahme der Ungleichheit in der Schweiz,"Anteile der Topverdiener (oberstes Prozent) an den gesamten Einkommen, in Prozent",Einkommen vor Steuern (aus Steuerdaten),True,numeric,numeric,1980,2022,8.5,20.87,1
70,01da15f0f6a6396873566efb70d0799b,Arrow,Welche Länder die klimafreundliche Stromerzeugung am meisten forcieren,"Anteil CO₂-armer Energieträger bei der Stromerzeugung, Veränderung in Prozentpunkten seit 2000 (Deutschland, USA und die Schweiz zum Vergleich)",Nur OECD-Länder,True,categorical,numeric,,,0.0,97.6,4
71,01da15f0f6a6396873566efb70ddfca5,Area,Der Mittelstand hält sich beständig,"Anteil der Einkommensgruppen an der Gesamtbevölkerung, in Prozent",Der Mittelstand umfasst Haushalte mit einem Einkommen zwischen 70 und 150 Prozent des medianen Bruttoäquivalenzeinkommens.,True,numeric,numeric,2000,2021,18.4,31.7,5
72,01e843ba181f97facd55faf678039c21,StackedBar,Verbreitung von Kurzarbeit bleibt hartnäckig hoch,"Beschäftigte in Kurzarbeit, nach Wirtschaftssektoren",,True,categorical,numeric,,,0.0,229556.0,2
73,01e843ba181f97facd55faf6789b906a,Bar,"Bisher regnete es dieses Jahr in Zürich vergleichsweise wenig, doch es folgen weitere Regentage","Niederschlagsmenge im April und Mai an der Messstation Zürich Fluntern, in Millimeter, pro Jahr",Die Niederschlagsmenge für Mai 2021 umfasst die Tage vom 1. bis 19. Mai.,False,categorical,numeric,,,108.0,340.8,0
74,01e843ba181f97facd55faf6789e14f5,Bar,Vorsorgelücken in verschiedenen Ländern,"Erforderliche Sparquote (% vom Nettoeinkommen) ab Alter 50, um den gewohnten Lebensstandard zu halten",,False,categorical,numeric,,,0.0,145.0,0
75,020a5674c151c5184ffc8be26a43b967,Line,PSG-Lohnsumme steigt stark,in Millionen Euro,,False,categorical,numeric,2010/11,2018/19,71.0,369.0,1
76,022a672b3f9fa2b1be4ea3c48a553889,StackedBar,Das Globalbudget hat einen schweren Stand,In Prozent der Stimmberechtigten. ,"* Da die Patienten im vierten Quartal zu demjenigen Arzt gehen müssten, der sein Budget noch nicht ausgeschöpft hat. ** Da im vierten Quartal nicht mehr alle Behandlungen angeboten würden. Für die Umfrage wurden zirka 1200 Stimmberechtigte befragt. Die Resultate sind mit einer Fehlermarge von +/- 2,3 bis 2,9 Prozentpunkten behaftet.",True,categorical,numeric,,,1.0,60.0,2
77,022a672b3f9fa2b1be4ea3c48a5a7812,Dotplot,Besitz von Handfeuerwaffen: Die Schweiz liegt im 16. Rang,Die 25 Länder mit den meisten Handfeuerwaffen (Anzahl pro 100 Einwohner),,False,categorical,numeric,,,18.9,120.5,3
78,022a672b3f9fa2b1be4ea3c48a5b3aa9,Bar,Die Schweizer Wirtschaft wächst,BIP in Mrd. Fr.,,False,numeric,numeric,2016,2019,662.7,702.7,0
79,022a672b3f9fa2b1be4ea3c48aa3baa5,StackedBar,Noch laufen für Europas Firmen die Geschäfte in China gut,"Angaben zum Betriebsergebnis Ebit im jeweiligen Vorjahr, in %",,True,numeric,numeric,2009,2018,7.0,77.0,2
80,022a672b3f9fa2b1be4ea3c48ad72ca1,Line,BIP pro Kopf (kaufkraftbereinigt), In $,,True,numeric,numeric,2004,2018,15161.62,23679.4,1
81,0313da61de86779a1c0b46f57123b67d,Bar,Wunsch und Wirklichkeit decken sich bei der Betreuung von Kleinkindern nicht,"Wie sich Franzosen die Betreuung ihrer Kinder unter 3 Jahren wünschen – und wie sie es tatsächlich machen, in Prozent",,True,categorical,numeric,,,2.0,56.0,0
82,0313da61de86779a1c0b46f571670e55,StackedBar,Der am häufigsten gejagte Rabenvogel ist die Krähe,Jährliche Abschüsse der drei wichtigsten Arten von Rabenvögeln im Kanton Zürich,,True,numeric,numeric,2013,2022,2.0,2409.0,2
83,0313da61de86779a1c0b46f57186449c,Bar,Wirtschaftlich gesehen sind die Bauern in Deutschland und der Schweiz eher unwichtig,"Anteil des Primärsektors (Landwirtschaft) an der Gesamtwirtschaft in der EU und Efta-Ländern, provisorische Zahlen 2022, in Prozent",,True,categorical,numeric,,,0.3,21.1,0
84,0313da61de86779a1c0b46f5718cc1d1,Bar,Wenn Männer Frauen töten,"Beschuldigte und Opfer von vollendeten Tötungsdelikten im Kontext häuslicher Gewalt 2009–2023, nach Geschlecht",,True,categorical,numeric,,,68.0,299.0,0
85,0313da61de86779a1c0b46f5718df868,Line,"Gewalt gegen Frauen, bis zum Tod: ein ungelöstes Problem","Opfer von vollendeten Tötungsdelikten im Kontext häuslicher Gewalt, nach Geschlecht",,True,numeric,numeric,2009,2022,0.0,22.0,1
86,0313da61de86779a1c0b46f571911ad6,Line,Das Vertrauen der Schweiz in die Wirtschaft sinkt,"Durchschnittliche Haltung der Befragten zur Wirtschaftsfreiheit (1 = mehr staatliche Kontrolle, 6 = mehr Wettbewerb)",,True,numeric,numeric,1996,2021,2.83011598506271,5.07079646017699,1
87,03f2af7351af180c2844811ac230d89b,Bar,The war in Ukraine claims the most victims,Number of deaths in violent conflicts since January 2023,"Source: Acled</br>Data as of Jan. 12, 2024",False,categorical,numeric,,,1242.0,31407.0,0
88,03f2af7351af180c2844811ac231b007,Line,Ziemlich stabile Lohnverteilung,"Verhältnisse zwischen Hoch- und Tieflöhnen in der Schweiz, 2006 bis 2022","Lesebeispiel: Der Hochlohn 1 (jenes Niveau, welches 90% der Lohnempfänger unterschreiten) war im Jahr 2022 etwa 2,71-mal so hoch wie der Tieflohn 1 (jenes Niveau, welches 10% der Lohnempfänger unterschreiten).",True,numeric,numeric,2006,2022,1.88,2.92,1
89,03f2af7351af180c2844811ac23877c3,Bar,Die Finanzierer der Greater Zurich Area,Auswahl der wichtigsten Beitragszahler für das Jahr 2023,,False,categorical,numeric,,,30000.0,1885974.0,0
90,07d00172c0f2b9dd3facaed88507ce79,Line,Eheschliessungen und Geburten sind in Polen seit der Wende rückläufig,In Tausend,,True,numeric,numeric,1990,2022,156.0,548.0,1
91,07d00172c0f2b9dd3facaed88589fd27,Bar,Japan auf dem Weg zum Einwanderungsland,Ausländische Bevölkerung,,False,numeric,numeric,2012,2023,2033656.0,3410992.0,0
92,07d00172c0f2b9dd3facaed8858c95c6,Bar,Einkommen von IT-Ingenieuren im globalen Vergleich (in US-Dollar),,,False,categorical,numeric,,,36061.0,102839.0,0
93,07d00172c0f2b9dd3facaed8858f0093,Arrow,China exportiert mehr Hightech und weniger Kleidung,"Die wichtigsten chinesischen Exportprodukte im Jahr 2022, Anteile am Gesamtexportwert in Prozent (zum Vergleich 1995)",,True,categorical,numeric,,,1.807879829816904,46.2,4
94,07d00172c0f2b9dd3facaed88597c76e,Bar,Nur Apple und Microsoft sind wertvoller als Nvidia,Börsenkapitalisierung in Milliarden Dollar,,False,categorical,numeric,,,584.0,3190.0,0
95,07d00172c0f2b9dd3facaed88599fe8e,Line,Die Nvidia-Aktien dürften dank starken Zahlen neuen Schwung kriegen,Aktienkurs in Dollar,,False,categorical,numeric,23.05.2022,23.05.2024,112.27,1038.0,1
96,07d00172c0f2b9dd3facaed8859d95aa,Bar,Die Eisenring-Produktion,Anzahl Print-Artikel nach Ressort/Rubrik,,False,categorical,numeric,,,38.0,5064.0,0
97,07d00172c0f2b9dd3facaed885d20cb6,StackedBar,Die Taiwaner machen sich zunehmend Sorgen wegen der Situation an der Taiwanstrasse,"Antworten auf die Frage: «Befürchten Sie einen Krieg in der Taiwanstrasse?», in Prozent der Befragten","Im Jahr 2021 wurden 1200 Taiwanerinnen und Taiwaner befragt, im Jahr 2023 waren es ebenfalls 1200. Zu Repräsentativität und statistischer Fehlermarge machen die Autoren keine Angaben.",True,numeric,numeric,2021,2023,16.6,64.8,2
98,07d00172c0f2b9dd3facaed885d244eb,StackedBar,"Mehr Taiwaner trauen Chinas Partei- und Staatschef zu, dass er Gewalt gegenüber Taiwan anwendet","Vervollständigungen der Aussage: «Dass Xi Jinping gegenüber Taiwan Gewalt anwendet, ist im Vergleich zu vor 5 Jahren …», in Prozent der Befragten","Im Jahr 2021 wurden 1200 Taiwanerinnen und Taiwaner befragt, im Jahr 2023 waren es ebenfalls 1200. Zu Repräsentativität und statistischer Fehlermarge machen die Autoren keine Angaben.",True,numeric,numeric,2021,2023,9.1,57.6,2
99,07d00172c0f2b9dd3facaed885d4d594,Bar,"Mehr Autos und Metalle, weniger Kleider und Möbel","Veränderung des Anteils an Chinas Gesamtexporten von Januar bis April 2024 im Vergleich zu Januar bis April 2018, in Prozentpunkten",,False,categorical,numeric,,,-1.3,2.9,0
100,07d00172c0f2b9dd3facaed885d53907,Bar,"China braucht mehr Nahrungsmittel und Energie, weniger Maschinen, Autos und Chemikalien","Veränderung des Anteils an Chinas Gesamtimporten von Januar bis April 2024 im Vergleich zu Januar bis April 2018, in Prozentpunkten",,False,categorical,numeric,,,-4.2,9.3,0
101,07d00172c0f2b9dd3facaed885d6837e,Arrow,Chinas Ausfuhren finden veränderte Abnehmer,"Die wichtigsten Destinationen für Chinas Exporte von Januar bis April 2024, Anteile am Gesamtexportwert in Prozent (Veränderung gegenüber Januar bis April 2018 in Prozentpunkten) ",,True,categorical,numeric,,,0.1,18.2,4
102,07d00172c0f2b9dd3facaed885dd55e1,Area,Xi's visit to Putin in March 2023 gave a strong boost to trade,"Total monthly value of Chinese exports of major military-use goods to Russia, in billions of dollars","Source: <a href=""http://english.customs.gov.cn/statics/report/monthly.html"">General Administration of Customs China</a>",True,categorical,numeric,,,313152.0,2464556000.0,5
103,07d00172c0f2b9dd3facaed885dd8e11,Arrow,Auch bei den Importen verschieben sich die Gewichte,"Die wichtigsten Herkunftsländer von Chinas Einfuhren von Januar bis April 2024, Anteile am Gesamtexportwert in Prozent (zum Vergleich Januar bis April 2018)",,True,categorical,numeric,,,0.1,10.2,4
104,07d00172c0f2b9dd3facaed885de0c8d,StackedBar,Der ANC erreichte seit den ersten freien Parlamentswahlen in Südafrika stets das absolute Mehr,in Prozent der Stimmen,,False,numeric,numeric,1994,2019,30.31,69.69,2
105,07d00172c0f2b9dd3facaed885e0b980,Bar,Frauen sind gestresster als Männer,"Anteil der Erwerbstätigen, die bei der Arbeit meistens oder immer Stress erleben. Angaben in Prozent",,True,numeric,numeric,2012,2022,17.0,24.9,0
106,0819c8effbf081938ef522a3690037f8,Bar,Ein Drittel ist ausbezahlt,"Zusammensetzung des Wiederaufbaufonds, in Milliarden Euro, Stand Ende März 2024",,True,categorical,numeric,,,52.2,360.1,0
107,0819c8effbf081938ef522a369004eb7,Line,Kein Anstieg bei den Kesb-Massnahmen seit Einführung der Behörde,"Anzahl Personen mit Massnahme pro 10 000 Einwohner in der jeweiligen Altersgruppe, 2014–2023",Zahlen für 2023 ohne minderjährige unbegleitete Asylsuchende. ,True,numeric,numeric,2014,2023,8.4,69.9,1
108,0819c8effbf081938ef522a36909fa85,Line,Copy of AI engineers are earning more and more in the US,"Median annual salary in the USA, figures in dollars (in thousands)",Source: Levels.fyi,True,numeric,numeric,1.2023,12.2023,156.25,270.0,1
109,0819c8effbf081938ef522a3690a0ae8,Line,Kopie von  Copy of AI engineers are earning more and more in the US,"Median annual salary in the USA, figures in dollars (in thousands)",Source: Levels.fyi,True,numeric,numeric,1.2023,12.2023,156.25,270.0,1
110,0819c8effbf081938ef522a3690a5120,Line,Kopie von  Copy of AI engineers are earning more and more in the US,"Median annual salary in the USA, figures in dollars (in thousands)",Source: Levels.fyi,True,numeric,numeric,1.2023,12.2023,156.25,270.0,1
111,0819c8effbf081938ef522a3690b8545,Line,Seit 1980 hat sich das Einkommen verfünffacht,"Bruttoinlandprodukt pro Kopf, in Dollar (inflationsbereinigt, Basisjahr 2010)",,False,numeric,numeric,1980,2022,388.82277907373,2089.7343826079,1
112,0819c8effbf081938ef522a3690c121b,Bar,Erfolgreiche Länder ziehen Migranten an,"Arbeitskräfte aus der EU und der Efta, in Prozent",,False,categorical,numeric,,,0.4,43.6,0
113,0819c8effbf081938ef522a3690dfc58,Line,Der Euro im Aufwärtstrend zum Franken,Euro in Franken,,False,categorical,numeric,01/02/2024,04/19/2024,0.92741,0.98318,1
114,0819c8effbf081938ef522a369189a01,Bar,Switzerland pays the best AI salaries outside the US,"Total remuneration including share options and salary for a software engineer specializing in AI, in dollars, April 2023 to April 2024",Source: Levels.fyi,False,categorical,numeric,,,93056.0,251000.0,0
115,0819c8effbf081938ef522a36918c90b,Bar,Kopie von  Kopie von  Switzerland pays the best AI salaries outside the US,"Total remuneration including share options and salary for a software engineer specializing in AI, in dollars, April 2023 to April 2024",Source: Levels.fyi,False,categorical,numeric,,,93056.0,251000.0,0
116,0819c8effbf081938ef522a3691e688b,Line,Wie die Bildung die Armee überholt hat ,Jährliche Ausgaben des Bundes ,,True,numeric,numeric,1990,2027,2915630647.0,8956911319.0,1
117,0819c8effbf081938ef522a3691f3cf7,Bar,China ist auf Sojabohnen aus dem Ausland angewiesen,"In Millionen Tonnen, pro Geschäftsjahr","Die Zahlen für 2022/2023 sind Schätzungen. Importzahlen sind aus den Exporten der Hauptlieferanten USA und Brasilien berechnet, da sie von den chinesischen Importzahlen abweichen.",True,numeric,numeric,2022,2023,16.4,104.5,0
118,0819c8effbf081938ef522a369204c9b,Bar,Chinesen essen mittlerweile viel Fleisch,"Pro-Kopf-Konsum ausgewählter Nahrungsmittel pro Jahr, in Kilogramm (2022)",,True,categorical,numeric,,,1.2,293.4,0
119,0819c8effbf081938ef522a3692143e5,StackedBar,So viel gibt die Waadt für Prämienverbilligungen aus,"Zahlen für 2023, in Millionen Franken, gerundet",,False,numeric,numeric,,,122.0,371.0,2
120,0819c8effbf081938ef522a36926f6f6,Line,Mitbewerber aus den USA schlagen sich deutlich besser,"Veränderung Aktienkurse, in Prozent",,True,categorical,numeric,04/23/2019,04/23/2024,-19.93,574.34,1
121,0819c8effbf081938ef522a369288796,Bar,Monstergewinne nach mageren Jahren,Reingewinn in Millionen Franken,* Axpo: Geschäftsjahr 2022/23 (per 30. 9.). ** Romande Energie: 139 Millionen Franken durch Alpiq-Beteiligung.,True,categorical,numeric,,,41.0,3389.0,0
122,0819c8effbf081938ef522a369294183,Area,"Die Zahlenreihen der Toten im Gaza-Krieg sind lückenhaft, und die Methodik hat sich über die Monate verändert",Täglich erfasste Tote vom 7. Oktober 2023 bis zum 23. April 2024. In dieser Zeitspanne wurden laut dem Gesundheitsministerium in Gaza 34 183 Palästinenserinnen und Palästinenser getötet,,False,categorical,numeric,,,0.0,828.0,5
123,0819c8effbf081938ef522a3692e20ad,Bar,Die Wasservorräte sind weltweit sehr ungleich verteilt,"Durchschnittliche erneuerbare Wasserressourcen pro Kopf, in Millionen Kubikmeter",,False,categorical,numeric,,,0.5,74.5,0
124,0819c8effbf081938ef522a3692f9a12,Line,Income today is five times its level in 1980," Per capita gross domestic product, in dollars (adjusted for inflation, base year 2010)","Source: <a href=""https://fred.stlouisfed.org/series/NYGDPPCAPKDIND"">Federal Reserve Economic Data database</a>",False,numeric,numeric,1980,2022,388.82277907373,2089.7343826079,1
125,0819c8effbf081938ef522a36930c5cd,Bar,Sexuelle Belästigungen an der Universität Zürich,Gemeldete Fälle 2014 bis 2023,,False,numeric,numeric,2014,2023,5.0,43.0,0
126,0819c8effbf081938ef522a36930dccc,Area,tbd.,Kumulierte Militärhilfe sämtlicher EU-Staaten -und Institutionen und der USA seit Kriegsbeginn 2022,,True,categorical,numeric,,,0.0,142.03,5
127,0819c8effbf081938ef522a36931fe0f,Arrow,"Die EU, China und die USA verbrauchen deutlich mehr Metalle und Mineralien, als sie fördern, Afrika, Australien und Lateinamerika verkaufen sie","Differenz zwischen dem Anteil am weltweiten Verbrauch von Metallen und Mineralien und deren Förderung, in Prozent",,True,categorical,numeric,,,1.8,28.2,4
128,0819c8effbf081938ef522a36937d2db,Bar,Griechen sind die Fleissigsten,Durchschnittliche Jahresarbeitszeit pro Person,,False,categorical,numeric,,,1341.0,1886.0,0
129,0819c8effbf081938ef522a369393b04,Line,Ungebremster Anstieg der Wohnungspreise,"Transaktionspreise Eigentumswohnungen Schweiz, indexiert (1. Quartal 2014 = 100)",,True,categorical,numeric,2014-Q1,2024-Q1,90.1151537,138.772181,1
130,0819c8effbf081938ef522a36939f48c,Bar,Die EU hat gegenüber China ein Handelsbilanzdefizit,"Aussenhandel 2023, in Milliarden Euro",,True,categorical,numeric,,,61.7,515.9,0
131,0819c8effbf081938ef522a3693b1b52,Bar,Die Ukraine erhält nur wenige Waffen aus den westlichen Beständen,Bei Kriegsbeginn 2022 vorhandenes und funktionstüchtiges Kriegsgerät in westlichen Arsenalen,,True,categorical,numeric,,,100.0,10931.0,0
132,0819c8effbf081938ef522a3693bccce,Bar,Frauenbeteiligung an Olympischen Sommerspielen,Anteil Frauen der Gesamtteilnehmer in Prozent,,False,numeric,numeric,1896,2024,0.0,50.0,0
133,0819c8effbf081938ef522a3693cc535,Bar,Kopie von  Die USA dominieren beim Mais,Share of global production 2023/24 as a percentage,Source: US-Landwirtschaftsministerium,False,categorical,numeric,,,1.0,32.0,0
134,0819c8effbf081938ef522a3693d4b5c,Bar,Die Fallzahlen der Staatsanwaltschaft haben zugenommen,Anzahl Fälle im Kanton Zürich,,False,numeric,numeric,2018,2023,27904.0,32270.0,0
135,0819c8effbf081938ef522a36940fb25,Area,Die Solarenergie wird stark ausgebaut,"Stromerzeugung mit CO₂-armen Energieträgern, in Terawattstunden","Die künftige Entwicklung basiert auf einem Szenario, bei dem die Länder ihre jetzige Politik fortsetzen.",True,numeric,numeric,2010,2050,32.0,17220.0,5
136,0819c8effbf081938ef522a36942874a,Line,CO₂-arme Technologien werden zukünftig den meisten Strombedarf decken,"Stromerzeugung mit CO₂-armen und fossilen Energieträgern, in Terawattstunden",Die künftige Entwicklung basiert auf zwei unterschiedlichen Szenarien. Das konservativere schreibt die existierende Politik fort. In diesem Szenario werden die CO₂-armen Technologien weniger stark ausgebaut und die fossilen weniger abgebaut.,True,numeric,mixed,2010,2050,,,1
137,0819c8effbf081938ef522a369439be7,Line,"Metas Höhenflug endet, Alphabet holt wieder auf",Aktienkurs in Dollar,,True,categorical,mixed,['26.04.2024' '439.8'],['29.04.2022' '200.47'],,,1
138,0819c8effbf081938ef522a3694515fb,Line,"Die neuen Mitglieder holen auf, besonders Polen","Indexiertes BIP pro Kopf, inflations- und kaufkraftbereinigt (EU-Schnitt = 100) ",,True,numeric,numeric,2000,2020,47.87701851,100.0,1
139,0819c8effbf081938ef522a369455499,Dotplot,Botox wird am meisten nachgefragt,Rangliste der häufigsten chirurgischen und nicht-operativen Eingriffe weltweit im Jahr 2022,,False,categorical,numeric,,,955026.0,9221419.0,3
140,0819c8effbf081938ef522a369492b8e,Line,Unerwartete Stromlücke,"Fehlende Leistung am 22. April 2024, Viertelstunden-Werte, in Megawatt",,False,categorical,numeric,22.04.2024 00:00,22.04.2024 23:45,-1400.01,-61.65,1
141,0819c8effbf081938ef522a36954ce2c,Bar,Water supplies and water shortages vary around the world,"Share of global renewable water resources compared to share of global population, in %","Sources: <a href=""https://www.cia.gov/the-world-factbook/field/total-renewable-water-resources/"">Water: CIA World Factbook (2020 estimate)</a>, <a href=""https://population.un.org/wpp/"">population: U.N. World Population Prospects 2022</a>",True,categorical,numeric,,,0.1,17.8,0
142,0819c8effbf081938ef522a36954dca0,Bar,Many developed countries are heavily dependent on energy imports,Net energy exports in millions of megatons of oil equivalents,,False,categorical,numeric,,,-810.0,669.0,0
143,0819c8effbf081938ef522a3695b1194,Line,Nach dem EU-Beitritt gab es die grössten Migrationsbewegungen,"Wanderungssaldo (Zuwanderung minus Abwanderung), Anzahl Personen",,True,numeric,numeric,2000,2020,-36134.0,79193.0,1
144,0819c8effbf081938ef522a3696884da,StackedBar,Längere Reaktions- und Bremswege mit dem E-Bike,,,True,categorical,numeric,,,1.6,25.0,2
145,0819c8effbf081938ef522a3697ae813,Bar,"Die EU-Länder exportieren mehr Autos, als sie einführen","Handel ausgewählter Produkte der EU mit China 2023, in Milliarden Euro",,True,categorical,numeric,,,1.1,56.5,0
146,0819c8effbf081938ef522a3697df98f,Line,Deutschland und Japan sind noch am stärksten abhängig von der Kohle,"Anteil der Kohle an der Stromproduktion in den G-7-Ländern, in %",,True,numeric,numeric,1985,2022,0.58605975,69.48549,1
147,0819c8effbf081938ef522a369810e8a,Bar,Die Energiewende in Zahlen,Geschätzter Investitionsbedarf in Milliarden Euro,,True,categorical,numeric,,,5.0,1214.0,0
148,0819c8effbf081938ef522a36987c57e,Bar,Chinese meat consumption has risen,"Per capita consumption of selected foods per year, in kilograms (2022)","For technical reasons, numbers are rendered in the German style, with commas instead of decimal points. Readers should thus interpret 1,2 as 1.2, for example. <br><br>Sources: <a href=”https://www.stats.gov.cn/sj/ndsj/2023/indexeh.htm”>China Statistical Yearbook 2023</a>, <a href=”https://www.bfs.admin.ch/bfs/de/home/statistiken/land-forstwirtschaft/ernaehrung.assetdetail.30607024.html”>Federal Statistical Office</a>",True,categorical,numeric,,,1.2,293.4,0
149,0819c8effbf081938ef522a36988066e,Bar,China is dependent on imported soybeans,"In millions of tons, per financial year","The figures for 2022/2023 are estimates. Import figures were calculated from the exports of the main suppliers U.S. and Brazil, as they differ from Chinese import figures.<br><br> Source: <a href=”https://www.usda.gov/oce/commodity/wasde/wasde0424.pdf”>USDA</a>",True,numeric,numeric,2022,2023,16.4,104.5,0
150,0819c8effbf081938ef522a36994376d,Bar,Erneuerbare Energien legen zu,Anteile an der Gesamtstromerzeugung in %,,True,categorical,numeric,,,1.4,49.7,0
151,0819c8effbf081938ef522a369f4febf,Bar,Grosse Unterschiede zwischen Kantonen,"Nettokosten pro Versicherten in der obligatorischen Krankenpflegeversicherung, in Franken pro Monat, 2022",,False,categorical,numeric,,,2559.0,4675.0,0
152,08e996c76bf1a7d4bec453e674564fde,Line,Wahlbeteiligung in Deutschland steigt zum dritten Mal in Folge,Wahlbeteiligung bei Europawahlen in Deutschland seit 1979,Für die gesamte EU liegt die Wahlbeteiligung für 2024 noch nicht vor.,True,numeric,numeric,1979,2024,42.6,65.7,1
153,08e996c76bf1a7d4bec453e674921c30,StackedBar,Die Schweiz schneidet schlecht ab,"Bilaterale Zusagen sowie der Anteil an EU-Hilfen der 39 tatkräftigsten Länder, gemessen an ihrer Wirtschaftskraft, in Prozent","Als Gesamthilfen zählen militärische, humanitäre und wirtschaftliche Zusagen der einzelnen Länder. Nicht berücksichtigt sind private Spenden, Hilfen für Kriegsfolgen ausserhalb der Ukraine und von Nichtregierungsorganisationen. Stand: 30.04.2024",True,categorical,numeric,,,0.0,1.64,2
154,08e996c76bf1a7d4bec453e674aa0f1e,StackedBar,In absoluten Zahlen rangiert die Schweiz im Mittelfeld der Geberländer,"Bilaterale Direkthilfe der EU und der 29 tatkräftigsten Länder, in Milliarden Franken","Als Direkthilfen zählen Zusagen der einzelnen Länder, da angekommene Lieferungen schwer nachvollziehbar sind. Nicht berücksichtigt sind private Spenden, Hilfen für Kriegsfolgen ausserhalb der Ukraine und von Nichtregierungsorganisationen. Stand: 30.04.2024",True,categorical,numeric,,,0.0,48.36,2
155,08e996c76bf1a7d4bec453e674b9e679,Bar,Muslims make up 40% of the population in Southeast Asia,"Muslim population by country, in %","Source: <a href=""https://www.statista.com/statistics/1113906/southeast-asia-muslim-population-forecasted-share-by-country/"">Statista</a>",False,categorical,numeric,,,0.1,87.2,0
156,08e996c76bf1a7d4bec453e674c16d25,StackedBar,Die Berufswahl folgt alten Rollenmustern,"Frauen- und Männeranteile in verschiedenen Berufen im Jahr 2022, in Prozent",* Berufliche Grundbildung; ** Studierende an den Fachhochschulen; *** Studierende an den universitären Hochschulen.,False,categorical,numeric,,,3.0,97.0,2
157,08e996c76bf1a7d4bec453e674c1b6c9,StackedBar,Egalitäre Erwerbsmodelle sind selten,"Aufteilung der Erwerbs- und Hausarbeit bei Paaren im Jahr 2022, Anteile in Prozent","* Jüngstes Kind im Alter von 0 bis 12 Jahren, ** andere Erwerbsmodelle.",True,categorical,numeric,,,4.0,77.0,2
158,08e996c76bf1a7d4bec453e674c1ee72,Bar,Frauen haben tiefere Renten,"Durchschnittliche Gesamtrente pro Jahr, in Franken",,False,categorical,numeric,,,17293.0,52735.0,0
159,08e996c76bf1a7d4bec453e674c29e14,Line,Zug zahlt erstmals mehr als Zürich,"Einzahlungen in den nationalen Finanzausgleich, in Millionen Franken",Nettozahlen (d. h. Abgaben an andere Kantone minus Einnahmen aus Lastenausgleich) ,True,numeric,numeric,2008,2025,178889303.0,552201054.0,1
160,08e996c76bf1a7d4bec453e674caa891,Bar,Das Schauspielhaus erhält am meisten Subventionen,Beiträge in Mio. Fr.,,False,categorical,numeric,,,2.0,40.0,0
161,08e996c76bf1a7d4bec453e674cb145c,Line,Pharmaexporte erreichen im ersten Kriegsjahr einen Höhepunkt,"Schweizer Exporte der chemisch-pharmazeutischen Industrie nach Russland, Exportwert in Franken",,False,numeric,numeric,2013,2023,949936915.0,2337608546.0,1
162,08e996c76bf1a7d4bec453e674cb9498,Area,Pharmasektor dominiert Aussenhandel mit Russland,"Schweizer Exporte nach Russland, Exportwert in Franken",,True,numeric,numeric,2013,2023,482395527.0,2337608546.0,5
163,08e996c76bf1a7d4bec453e674f87f98,Line,Der Wasserstand des Bodensees,"Pegelstand des Bodensees (Station Romanshorn) und untere Grenzen der Gefahrenstufen, in Metern","Die Messwerte sind Rohdaten, welche Fehler enthalten können.<br />Letzte Messung: 14. 8., 07.00 Uhr",True,categorical,numeric,2024-08-08 00:00,2024-08-14 07:00,396.025,397.4,1
164,08e996c76bf1a7d4bec453e674f9211e,Line,In Spanien und in der Türkei steigen die jährlichen Beschlagnahmungen,"Anzahl Drogenkonfiszierungen in ausgewählten europäischen Ländern, 2014 bis 2022 ",Der Bericht basiert auf Daten der 27 EU-Länder sowie der Türkei und Norwegen.,True,numeric,numeric,2014,2022,73017.0,435029.0,1
165,08e996c76bf1a7d4bec453e674f93b65,Line,Der Wasserstand des Bodensees (Untersee),"Pegelstand des Bodensees (Station Berlingen) und untere Grenzen der Gefahrenstufen, in Metern","Die Messwerte sind Rohdaten, welche Fehler enthalten können.<br />Letzte Messung: 14. 8., 07.00 Uhr",True,categorical,numeric,2024-08-08 00:00,2024-08-14 07:00,395.56,397.05,1
166,08e996c76bf1a7d4bec453e674faf049,Line,Der Kartoffelpreis ist in der Schweiz im letzten Jahr gestiegen,Franken pro Kilogramm,,True,numeric,numeric,2019,2023,1.74,3.33,1
167,08e996c76bf1a7d4bec453e674fc156b,Line,Das Fed wartet zu,"Geldpolitische Leitzinsen der Vereinigten Staaten, des Euro-Raums und der Schweiz",,True,categorical,numeric,2007-01,2024-6,-0.75,5.375,1
